{
  "algorithm": "dqn",
  "log_prefix": "debug_training_dqn",
  "total_steps": 1000,
  "lambda_1": 0.6,
  "lambda_2": 0.008,
  "reward_formula": "lambda_1 * JFI(R_n, R_f) + lambda_2 * ASIR",
  "summary_window": 500,
  "reward_mean": 0.28935888409614563,
  "reward_std": 0.03779784217476845,
  "jfi_mean": 0.48226475715637207,
  "jfi_std": 0.06299639493227005,
  "asir_mean": 1.484981595467616e-07,
  "asir_std": 1.0925909066372697e-07,
  "r_n_mean": 0.0006630286225117743,
  "r_f_mean": 2.9508364605135284e-06,
  "rsum_mean": 0.0006659794016741216,
  "ravg_mean": 0.0003329897008370608,
  "loss_mean": 2.078765392303467,
  "a_n_mean": 0.3483999967575073,
  "a_f_mean": 0.1719599962234497,
  "a_t_mean": 0.47964000701904297,
  "reward_first_500": 0.2839431166648865,
  "reward_last_500": 0.28935888409614563
}