{
  "algorithm": "ddpg",
  "log_prefix": "debug_training_ddpg",
  "total_steps": 1000,
  "lambda_1": 0.6,
  "lambda_2": 0.008,
  "reward_formula": "lambda_1 * JFI(R_n, R_f) + lambda_2 * ASIR",
  "summary_window": 500,
  "reward_mean": 0.29993736743927,
  "reward_std": 2.6569037800072692e-05,
  "jfi_mean": 0.4998956322669983,
  "jfi_std": 4.4281598093220964e-05,
  "asir_mean": 3.216525309990281e-11,
  "asir_std": 7.154141168363992e-11,
  "r_n_mean": 0.003913294058293104,
  "r_f_mean": 2.307873216977896e-07,
  "rsum_mean": 0.003913525026291609,
  "ravg_mean": 0.0019567625131458044,
  "loss_mean": 0.10620050132274628,
  "a_n_mean": 0.8857684135437012,
  "a_f_mean": 0.058493781834840775,
  "a_t_mean": 0.05573775991797447,
  "reward_first_500": 0.296204537153244,
  "reward_last_500": 0.29993736743927
}