{
  "algorithm": "ddpg",
  "log_prefix": "training_ddpg",
  "total_steps": 8000,
  "lambda_1": 0.6,
  "lambda_2": 0.008,
  "reward_formula": "lambda_1 * JFI(R_n, R_f) + lambda_2 * ASIR",
  "summary_window": 500,
  "reward_mean": 0.545886218547821,
  "reward_std": 0.01842818222939968,
  "jfi_mean": 0.8873465061187744,
  "jfi_std": 0.02900974452495575,
  "asir_mean": 1.6847949028015137,
  "asir_std": 0.7233186364173889,
  "r_n_mean": 23.697856903076172,
  "r_f_mean": 49.70781326293945,
  "rsum_mean": 73.40567016601562,
  "ravg_mean": 36.70283508300781,
  "loss_mean": 5.8634490966796875,
  "a_n_mean": 0.05329017713665962,
  "a_f_mean": 0.8926108479499817,
  "a_t_mean": 0.05409891530871391,
  "reward_first_500": 0.6096436977386475,
  "reward_last_500": 0.545886218547821
}