{
  "algorithm": "ddpg",
  "log_prefix": "training_ddpg",
  "total_steps": 8000,
  "lambda_1": 0.6,
  "lambda_2": 0.008,
  "reward_formula": "lambda_1 * JFI(R_n, R_f) + lambda_2 * ASIR",
  "summary_window": 500,
  "reward_mean": 0.6168105006217957,
  "reward_std": 0.10811419039964676,
  "jfi_mean": 0.8782681822776794,
  "jfi_std": 0.09538467973470688,
  "asir_mean": 11.231199264526367,
  "asir_std": 7.805383682250977,
  "r_n_mean": 29.971790313720703,
  "r_f_mean": 25.741308212280273,
  "rsum_mean": 55.71310043334961,
  "ravg_mean": 27.856550216674805,
  "loss_mean": 10.756338119506836,
  "a_n_mean": 0.1882820427417755,
  "a_f_mean": 0.30588895082473755,
  "a_t_mean": 0.5058290362358093,
  "reward_first_500": 0.6248708367347717,
  "reward_last_500": 0.6168105006217957
}