{
  "algorithm": "dqn",
  "log_prefix": "training_dqn",
  "total_steps": 50000,
  "lambda_1": 0.6,
  "lambda_2": 0.008,
  "L": 1000,
  "max_steps": 30,
  "reward_formula": "lambda_1 * JFI(R_n, R_f) + lambda_2 * ASIR",
  "summary_window": 500,
  "reward_mean": 0.5644611120223999,
  "reward_std": 0.0415048785507679,
  "jfi_mean": 0.940768301486969,
  "jfi_std": 0.06917479634284973,
  "asir_mean": 1.259942746401066e-05,
  "asir_std": 1.6988662537187338e-05,
  "r_n_mean": 8.668798545841128e-05,
  "r_f_mean": 6.354787910822779e-05,
  "rsum_mean": 0.00015023585001472384,
  "ravg_mean": 7.511792500736192e-05,
  "loss_mean": 1.6312183141708374,
  "a_n_mean": 0.26383334398269653,
  "a_f_mean": 0.44419997930526733,
  "a_t_mean": 0.29196667671203613,
  "rsum_passive_mean": 0.000292660464765504,
  "rsum_passive_std": 3.2083098631119356e-05,
  "reward_first_500": 0.4665384590625763,
  "reward_last_500": 0.5644611120223999
}