{
  "algorithm": "dqn",
  "log_prefix": "training_dqn",
  "total_steps": 8000,
  "lambda_1": 0.6,
  "lambda_2": 0.008,
  "reward_formula": "lambda_1 * JFI(R_n, R_f) + lambda_2 * ASIR",
  "summary_window": 500,
  "reward_mean": 0.6412639021873474,
  "reward_std": 0.03600185364484787,
  "jfi_mean": 0.9806047677993774,
  "jfi_std": 0.039656929671764374,
  "asir_mean": 6.612628936767578,
  "asir_std": 3.351868152618408,
  "r_n_mean": 44.255859375,
  "r_f_mean": 40.336814880371094,
  "rsum_mean": 84.5926742553711,
  "ravg_mean": 42.29633712768555,
  "loss_mean": 26.048402786254883,
  "a_n_mean": 0.2738400101661682,
  "a_f_mean": 0.4799000024795532,
  "a_t_mean": 0.24625998735427856,
  "reward_first_500": 0.6147927045822144,
  "reward_last_500": 0.6412639021873474
}