{
  "algorithm": "ddpg",
  "log_prefix": "training_ddpg",
  "total_steps": 8000,
  "w_c": 0.35,
  "w_r": 0.2,
  "w_f": 0.05,
  "w_qos_f": 30000.0,
  "w_qos_s": 5000.0,
  "rf_min": 6e-05,
  "asir_min": 6e-05,
  "max_rsum": 0.0012,
  "max_asir": 0.00085,
  "L": 1000,
  "max_steps": 30,
  "reward_formula": "w_c * normalize(R_n + R_f) + w_r * normalize(ASIR) + w_f * JFI(R_n, R_f) - w_qos_f*max(0, rf_min-R_f) - w_qos_s*max(0, asir_min-ASIR)",
  "summary_window": 500,
  "reward_mean": 0.4791431128978729,
  "reward_std": 0.06330996751785278,
  "jfi_mean": 0.5492941737174988,
  "jfi_std": 0.006233906839042902,
  "asir_mean": 5.696177686331794e-05,
  "asir_std": 6.574388407898368e-06,
  "r_n_mean": 2.9847701625840273e-06,
  "r_f_mean": 6.058560393285006e-05,
  "rsum_mean": 6.357037636917084e-05,
  "ravg_mean": 3.178518818458542e-05,
  "loss_mean": 3.8007426261901855,
  "a_n_mean": 0.04989929124712944,
  "a_f_mean": 0.4418460726737976,
  "a_t_mean": 0.5082545876502991,
  "rsum_passive_mean": 0.0002622036845423281,
  "rsum_passive_std": 7.2537818596174475e-06,
  "reward_first_500": -0.0729118287563324,
  "reward_last_500": 0.4791431128978729
}