{
  "algorithm": "dqn",
  "log_prefix": "training_dqn",
  "total_steps": 8000,
  "lambda_1": 0.6,
  "lambda_2": 0.008,
  "reward_formula": "lambda_1 * JFI(R_n, R_f) + lambda_2 * ASIR",
  "summary_window": 500,
  "reward_mean": 0.6366264820098877,
  "reward_std": 0.030762868002057076,
  "jfi_mean": 0.9653865694999695,
  "jfi_std": 0.03479476273059845,
  "asir_mean": 7.174318790435791,
  "asir_std": 2.99945330619812,
  "r_n_mean": 46.163841247558594,
  "r_f_mean": 37.87837219238281,
  "rsum_mean": 84.0422134399414,
  "ravg_mean": 42.0211067199707,
  "loss_mean": 24.512258529663086,
  "a_n_mean": 0.3446199893951416,
  "a_f_mean": 0.38655999302864075,
  "a_t_mean": 0.26882001757621765,
  "reward_first_500": 0.6016613245010376,
  "reward_last_500": 0.6366264820098877
}