{
  "algorithm": "ddpg",
  "log_prefix": "training_ddpg",
  "total_steps": 50000,
  "lambda_1": 0.6,
  "lambda_2": 0.008,
  "L": 1000,
  "max_steps": 30,
  "reward_formula": "lambda_1 * JFI(R_n, R_f) + lambda_2 * ASIR",
  "summary_window": 500,
  "reward_mean": 0.5240634083747864,
  "reward_std": 0.03753538429737091,
  "jfi_mean": 0.8734389543533325,
  "jfi_std": 0.06255897134542465,
  "asir_mean": 1.2669946869436899e-08,
  "asir_std": 1.801009830160183e-08,
  "r_n_mean": 7.057198672555387e-05,
  "r_f_mean": 0.00015269136929418892,
  "rsum_mean": 0.0002232633560197428,
  "ravg_mean": 0.0001116316780098714,
  "loss_mean": 6.331079959869385,
  "a_n_mean": 0.24248234927654266,
  "a_f_mean": 0.7008594870567322,
  "a_t_mean": 0.056658145040273666,
  "rsum_passive_mean": 0.0002507260942365974,
  "rsum_passive_std": 8.029959644773044e-06,
  "reward_first_500": 0.49135252833366394,
  "reward_last_500": 0.5240634083747864
}