{
  "algorithm": "dqn",
  "log_prefix": "training_dqn",
  "total_steps": 8000,
  "w_c": 0.35,
  "w_r": 0.2,
  "w_f": 0.05,
  "w_qos_f": 30000.0,
  "w_qos_s": 5000.0,
  "rf_min": 6e-05,
  "asir_min": 6e-05,
  "max_rsum": 0.0012,
  "max_asir": 0.00085,
  "L": 1000,
  "max_steps": 30,
  "reward_formula": "w_c * normalize(R_n + R_f) + w_r * normalize(ASIR) + w_f * JFI(R_n, R_f) - w_qos_f*max(0, rf_min-R_f) - w_qos_s*max(0, asir_min-ASIR)",
  "summary_window": 500,
  "reward_mean": 0.25015735626220703,
  "reward_std": 0.07676085829734802,
  "jfi_mean": 0.5987464785575867,
  "jfi_std": 0.12800021469593048,
  "asir_mean": 1.2744651940010954e-05,
  "asir_std": 3.99468990508467e-06,
  "r_n_mean": 1.2545138815767132e-05,
  "r_f_mean": 0.00010144151747226715,
  "rsum_mean": 0.00011398665810702369,
  "ravg_mean": 5.699332905351184e-05,
  "loss_mean": 0.38010990619659424,
  "a_n_mean": 0.08400000631809235,
  "a_f_mean": 0.5686666369438171,
  "a_t_mean": 0.34733331203460693,
  "rsum_passive_mean": 0.00026744671049527824,
  "rsum_passive_std": 1.5408550098072737e-05,
  "reward_first_500": -1.1392239332199097,
  "reward_last_500": 0.25015735626220703
}